Provider,Strategy
Alpha Alternatives Fund Advisors LLP,Fixed Income Edge
Ambit Investment Advisors Private Limited,Ambit Coffee Can Portfolio
Ambit Investment Advisors Private Limited,Ambit Emerging Giants Small Cap Portfolio
Unifi Capital Pvt Ltd,APJ (Formerly known as APJ 20)
Buoyant Capital Private Limited,Buoyant Opportunities PMS
Capitalmind Financial Services Private Limited,Surge India
Carnelian Asset Management & Advisors Pvt Ltd,CARNELIAN CAPITAL COMPOUNDER STRATEGY
Carnelian Asset Management & Advisors Pvt Ltd,CARNELIAN SHIFT STRATEGY
Capitalmind Financial Services Private Limited,Adaptive Momentum
Enam Asset Management Company Private Limited,Enam India Diversified Equity Advantage Portfolio
Enam Asset Management Company Private Limited,Enam India Vision Portfolio
Girik Wealth Advisors Private Limited,Girik Multicap Strategy
Green Lantern Capital LLP,GL Alpha Fund
Green Lantern Capital LLP,GLC Growth Fund
ICICI Prudential Asset Management Company Ltd,ICICI Prudential PMS Contra Strategy
ICICI Prudential Asset Management Company Ltd,ICICI Prudential PMS PIPE Strategy
Marcellus Investment Managers Private Limited,Consistent Compounders
Wryght Research And Capital Private Limited,Wright Factor Fund
Marcellus Investment Managers Private Limited,Little Champs
Nafa Asset Managers Private Limited,NAFA EMERGING BLUE CHIP PORTFOLIO
Nafa Asset Managers Private Limited,NAFA Small Cap Portfolio
Neo Asset Management Private Limited,Neo Yield Enhancer
Nine Rivers Capital Holdings Private Limited,Aurum Multiplier Portfolio
Nine Rivers Capital Holdings Private Limited,Aurum Small Cap Opportunities
Phillipcapital (India) Pvt Ltd,Phillip Income Builder Portfolio Growth
Phillipcapital (India) Pvt Ltd,Phillip Income Builder Portfolio Regular Income
Quest Investment Managers Pvt Ltd,QUESTPMS FLAGSHIP PORTFOLIO
Quest Investment Managers Pvt Ltd,QUESTPMS MULTI PORTFOLIO
Sageone Investment Managers Llp,SageOne Mid & Small Cap
Sageone Investment Managers Llp,SageOne Small Cap
Stallion Asset Private Limited,STALLION ASSET CORE FUND
Stalwart Investment Advisors Llp,WEALTH GUARDIAN FUND
Sundaram Alternate Assets Limited,FIRST AGGRESSIVE
Sundaram Alternate Assets Limited,FIRST MODERATE
Svan Investment Managers LLP,SVAN INVESTMENT MANAGERS LLP - VELOCITY
True Beacon Investment Advisors Llp,EquityFactorQuant
Unifi Capital Pvt Ltd,BCAD
Unifi Capital Pvt Ltd,BLENDED- RANGOLI
Valtrust Partners Llp,Valtrust Equity Funds
Valtrust Partners Llp,Valtrust Equity Hybrid Funds
Valtrust Partners Llp,Valtrust Momentum
